--
-- PostgreSQL database dump
--

-- Dumped from database version 12.9 (Ubuntu 12.9-2.pgdg20.04+1)
-- Dumped by pg_dump version 12.9 (Ubuntu 12.9-2.pgdg20.04+1)

SET statement_timeout = 0;
SET lock_timeout = 0;
SET idle_in_transaction_session_timeout = 0;
SET client_encoding = 'UTF8';
SET standard_conforming_strings = on;
SELECT pg_catalog.set_config('search_path', '', false);
SET check_function_bodies = false;
SET xmloption = content;
SET client_min_messages = warning;
SET row_security = off;

DROP DATABASE universe;
--
-- Name: universe; Type: DATABASE; Schema: -; Owner: freecodecamp
--

CREATE DATABASE universe WITH TEMPLATE = template0 ENCODING = 'UTF8' LC_COLLATE = 'C.UTF-8' LC_CTYPE = 'C.UTF-8';


ALTER DATABASE universe OWNER TO freecodecamp;

\connect universe

SET statement_timeout = 0;
SET lock_timeout = 0;
SET idle_in_transaction_session_timeout = 0;
SET client_encoding = 'UTF8';
SET standard_conforming_strings = on;
SELECT pg_catalog.set_config('search_path', '', false);
SET check_function_bodies = false;
SET xmloption = content;
SET client_min_messages = warning;
SET row_security = off;

SET default_tablespace = '';

SET default_table_access_method = heap;

--
-- Name: galaxy; Type: TABLE; Schema: public; Owner: freecodecamp
--

CREATE TABLE public.galaxy (
    galaxy_id integer NOT NULL,
    name character varying(50) NOT NULL,
    age_in_millions_of_years integer,
    description text,
    has_life boolean,
    galaxy_type character varying(50)
);


ALTER TABLE public.galaxy OWNER TO freecodecamp;

--
-- Name: galaxy_galaxy_id_seq; Type: SEQUENCE; Schema: public; Owner: freecodecamp
--

CREATE SEQUENCE public.galaxy_galaxy_id_seq
    AS integer
    START WITH 1
    INCREMENT BY 1
    NO MINVALUE
    NO MAXVALUE
    CACHE 1;


ALTER TABLE public.galaxy_galaxy_id_seq OWNER TO freecodecamp;

--
-- Name: galaxy_galaxy_id_seq; Type: SEQUENCE OWNED BY; Schema: public; Owner: freecodecamp
--

ALTER SEQUENCE public.galaxy_galaxy_id_seq OWNED BY public.galaxy.galaxy_id;


--
-- Name: moon; Type: TABLE; Schema: public; Owner: freecodecamp
--

CREATE TABLE public.moon (
    moon_id integer NOT NULL,
    name character varying(50) NOT NULL,
    planet_id integer NOT NULL,
    diameter_in_km integer,
    distance_from_planet_in_km integer
);


ALTER TABLE public.moon OWNER TO freecodecamp;

--
-- Name: moon_moon_id_seq; Type: SEQUENCE; Schema: public; Owner: freecodecamp
--

CREATE SEQUENCE public.moon_moon_id_seq
    AS integer
    START WITH 1
    INCREMENT BY 1
    NO MINVALUE
    NO MAXVALUE
    CACHE 1;


ALTER TABLE public.moon_moon_id_seq OWNER TO freecodecamp;

--
-- Name: moon_moon_id_seq; Type: SEQUENCE OWNED BY; Schema: public; Owner: freecodecamp
--

ALTER SEQUENCE public.moon_moon_id_seq OWNED BY public.moon.moon_id;


--
-- Name: planet; Type: TABLE; Schema: public; Owner: freecodecamp
--

CREATE TABLE public.planet (
    planet_id integer NOT NULL,
    name character varying(50) NOT NULL,
    number_of_days_per_year integer,
    distance_from_earth_in_solar_year numeric,
    has_life boolean,
    is_spheric boolean,
    star_id integer NOT NULL
);


ALTER TABLE public.planet OWNER TO freecodecamp;

--
-- Name: planet_planet_id_seq; Type: SEQUENCE; Schema: public; Owner: freecodecamp
--

CREATE SEQUENCE public.planet_planet_id_seq
    AS integer
    START WITH 1
    INCREMENT BY 1
    NO MINVALUE
    NO MAXVALUE
    CACHE 1;


ALTER TABLE public.planet_planet_id_seq OWNER TO freecodecamp;

--
-- Name: planet_planet_id_seq; Type: SEQUENCE OWNED BY; Schema: public; Owner: freecodecamp
--

ALTER SEQUENCE public.planet_planet_id_seq OWNED BY public.planet.planet_id;


--
-- Name: satellite; Type: TABLE; Schema: public; Owner: freecodecamp
--

CREATE TABLE public.satellite (
    satellite_id integer NOT NULL,
    name character varying(50) NOT NULL,
    description text
);


ALTER TABLE public.satellite OWNER TO freecodecamp;

--
-- Name: satellite_satellite_id_seq; Type: SEQUENCE; Schema: public; Owner: freecodecamp
--

CREATE SEQUENCE public.satellite_satellite_id_seq
    AS integer
    START WITH 1
    INCREMENT BY 1
    NO MINVALUE
    NO MAXVALUE
    CACHE 1;


ALTER TABLE public.satellite_satellite_id_seq OWNER TO freecodecamp;

--
-- Name: satellite_satellite_id_seq; Type: SEQUENCE OWNED BY; Schema: public; Owner: freecodecamp
--

ALTER SEQUENCE public.satellite_satellite_id_seq OWNED BY public.satellite.satellite_id;


--
-- Name: star; Type: TABLE; Schema: public; Owner: freecodecamp
--

CREATE TABLE public.star (
    star_id integer NOT NULL,
    name character varying(50) NOT NULL,
    galaxy_id integer NOT NULL,
    is_spherical boolean,
    diameter_in_million_km integer
);


ALTER TABLE public.star OWNER TO freecodecamp;

--
-- Name: star_star_id_seq; Type: SEQUENCE; Schema: public; Owner: freecodecamp
--

CREATE SEQUENCE public.star_star_id_seq
    AS integer
    START WITH 1
    INCREMENT BY 1
    NO MINVALUE
    NO MAXVALUE
    CACHE 1;


ALTER TABLE public.star_star_id_seq OWNER TO freecodecamp;

--
-- Name: star_star_id_seq; Type: SEQUENCE OWNED BY; Schema: public; Owner: freecodecamp
--

ALTER SEQUENCE public.star_star_id_seq OWNED BY public.star.star_id;


--
-- Name: galaxy galaxy_id; Type: DEFAULT; Schema: public; Owner: freecodecamp
--

ALTER TABLE ONLY public.galaxy ALTER COLUMN galaxy_id SET DEFAULT nextval('public.galaxy_galaxy_id_seq'::regclass);


--
-- Name: moon moon_id; Type: DEFAULT; Schema: public; Owner: freecodecamp
--

ALTER TABLE ONLY public.moon ALTER COLUMN moon_id SET DEFAULT nextval('public.moon_moon_id_seq'::regclass);


--
-- Name: planet planet_id; Type: DEFAULT; Schema: public; Owner: freecodecamp
--

ALTER TABLE ONLY public.planet ALTER COLUMN planet_id SET DEFAULT nextval('public.planet_planet_id_seq'::regclass);


--
-- Name: satellite satellite_id; Type: DEFAULT; Schema: public; Owner: freecodecamp
--

ALTER TABLE ONLY public.satellite ALTER COLUMN satellite_id SET DEFAULT nextval('public.satellite_satellite_id_seq'::regclass);


--
-- Name: star star_id; Type: DEFAULT; Schema: public; Owner: freecodecamp
--

ALTER TABLE ONLY public.star ALTER COLUMN star_id SET DEFAULT nextval('public.star_star_id_seq'::regclass);


--
-- Data for Name: galaxy; Type: TABLE DATA; Schema: public; Owner: freecodecamp
--

INSERT INTO public.galaxy VALUES (1, 'Milky Way', 14, 'large spiral system', true, 'barred spiral');
INSERT INTO public.galaxy VALUES (2, 'Andromela Galaxy', NULL, NULL, NULL, NULL);
INSERT INTO public.galaxy VALUES (3, 'Androme', NULL, NULL, NULL, NULL);
INSERT INTO public.galaxy VALUES (4, 'tun', NULL, NULL, NULL, NULL);
INSERT INTO public.galaxy VALUES (5, 'alg', NULL, NULL, NULL, NULL);
INSERT INTO public.galaxy VALUES (6, 'gh', NULL, NULL, NULL, NULL);


--
-- Data for Name: moon; Type: TABLE DATA; Schema: public; Owner: freecodecamp
--

INSERT INTO public.moon VALUES (1, 'The Moon', 1, 3475, 384400);
INSERT INTO public.moon VALUES (17, 'a', 1, NULL, NULL);
INSERT INTO public.moon VALUES (18, 'b', 1, NULL, NULL);
INSERT INTO public.moon VALUES (19, 'c', 12, NULL, NULL);
INSERT INTO public.moon VALUES (20, 'd', 13, NULL, NULL);
INSERT INTO public.moon VALUES (21, 'e', 14, NULL, NULL);
INSERT INTO public.moon VALUES (22, 'f', 1, NULL, NULL);
INSERT INTO public.moon VALUES (23, 'g', 1, NULL, NULL);
INSERT INTO public.moon VALUES (24, 'h', 12, NULL, NULL);
INSERT INTO public.moon VALUES (25, 'k', 13, NULL, NULL);
INSERT INTO public.moon VALUES (26, 'l', 14, NULL, NULL);
INSERT INTO public.moon VALUES (27, 'm', 1, NULL, NULL);
INSERT INTO public.moon VALUES (28, 'n', 1, NULL, NULL);
INSERT INTO public.moon VALUES (29, 'o', 12, NULL, NULL);
INSERT INTO public.moon VALUES (30, 'p', 13, NULL, NULL);
INSERT INTO public.moon VALUES (31, 'q', 14, NULL, NULL);
INSERT INTO public.moon VALUES (32, 'r', 1, NULL, NULL);
INSERT INTO public.moon VALUES (33, 's', 1, NULL, NULL);
INSERT INTO public.moon VALUES (34, 't', 12, NULL, NULL);
INSERT INTO public.moon VALUES (35, 'u', 13, NULL, NULL);
INSERT INTO public.moon VALUES (36, 'v', 14, NULL, NULL);


--
-- Data for Name: planet; Type: TABLE DATA; Schema: public; Owner: freecodecamp
--

INSERT INTO public.planet VALUES (1, 'Earth', 365, 0, true, true, 1);
INSERT INTO public.planet VALUES (12, 'a', NULL, NULL, NULL, NULL, 1);
INSERT INTO public.planet VALUES (13, 'b', NULL, NULL, NULL, NULL, 1);
INSERT INTO public.planet VALUES (14, 'c', NULL, NULL, NULL, NULL, 5);
INSERT INTO public.planet VALUES (15, 'd', NULL, NULL, NULL, NULL, 3);
INSERT INTO public.planet VALUES (16, 'e', NULL, NULL, NULL, NULL, 1);
INSERT INTO public.planet VALUES (17, 'f', NULL, NULL, NULL, NULL, 1);
INSERT INTO public.planet VALUES (18, 'g', NULL, NULL, NULL, NULL, 1);
INSERT INTO public.planet VALUES (19, 'h', NULL, NULL, NULL, NULL, 5);
INSERT INTO public.planet VALUES (20, 'j', NULL, NULL, NULL, NULL, 3);
INSERT INTO public.planet VALUES (21, 'k', NULL, NULL, NULL, NULL, 1);
INSERT INTO public.planet VALUES (22, 'l', NULL, NULL, NULL, NULL, 7);


--
-- Data for Name: satellite; Type: TABLE DATA; Schema: public; Owner: freecodecamp
--

INSERT INTO public.satellite VALUES (1, 'r', NULL);
INSERT INTO public.satellite VALUES (2, 's', NULL);
INSERT INTO public.satellite VALUES (3, 't', NULL);
INSERT INTO public.satellite VALUES (4, 'u', NULL);
INSERT INTO public.satellite VALUES (5, 'v', NULL);


--
-- Data for Name: star; Type: TABLE DATA; Schema: public; Owner: freecodecamp
--

INSERT INTO public.star VALUES (1, 'The Sun', 1, true, 13927);
INSERT INTO public.star VALUES (3, 'a', 1, NULL, NULL);
INSERT INTO public.star VALUES (4, 'b', 2, NULL, NULL);
INSERT INTO public.star VALUES (5, 'c', 2, NULL, NULL);
INSERT INTO public.star VALUES (6, 'd', 3, NULL, NULL);
INSERT INTO public.star VALUES (7, 'e', 1, NULL, NULL);


--
-- Name: galaxy_galaxy_id_seq; Type: SEQUENCE SET; Schema: public; Owner: freecodecamp
--

SELECT pg_catalog.setval('public.galaxy_galaxy_id_seq', 6, true);


--
-- Name: moon_moon_id_seq; Type: SEQUENCE SET; Schema: public; Owner: freecodecamp
--

SELECT pg_catalog.setval('public.moon_moon_id_seq', 36, true);


--
-- Name: planet_planet_id_seq; Type: SEQUENCE SET; Schema: public; Owner: freecodecamp
--

SELECT pg_catalog.setval('public.planet_planet_id_seq', 22, true);


--
-- Name: satellite_satellite_id_seq; Type: SEQUENCE SET; Schema: public; Owner: freecodecamp
--

SELECT pg_catalog.setval('public.satellite_satellite_id_seq', 5, true);


--
-- Name: star_star_id_seq; Type: SEQUENCE SET; Schema: public; Owner: freecodecamp
--

SELECT pg_catalog.setval('public.star_star_id_seq', 7, true);


--
-- Name: galaxy galaxy_name_key; Type: CONSTRAINT; Schema: public; Owner: freecodecamp
--

ALTER TABLE ONLY public.galaxy
    ADD CONSTRAINT galaxy_name_key UNIQUE (name);


--
-- Name: galaxy galaxy_pkey; Type: CONSTRAINT; Schema: public; Owner: freecodecamp
--

ALTER TABLE ONLY public.galaxy
    ADD CONSTRAINT galaxy_pkey PRIMARY KEY (galaxy_id);


--
-- Name: moon moon_name_key; Type: CONSTRAINT; Schema: public; Owner: freecodecamp
--

ALTER TABLE ONLY public.moon
    ADD CONSTRAINT moon_name_key UNIQUE (name);


--
-- Name: moon moon_pkey; Type: CONSTRAINT; Schema: public; Owner: freecodecamp
--

ALTER TABLE ONLY public.moon
    ADD CONSTRAINT moon_pkey PRIMARY KEY (moon_id);


--
-- Name: planet planet_name_key; Type: CONSTRAINT; Schema: public; Owner: freecodecamp
--

ALTER TABLE ONLY public.planet
    ADD CONSTRAINT planet_name_key UNIQUE (name);


--
-- Name: planet planet_pkey; Type: CONSTRAINT; Schema: public; Owner: freecodecamp
--

ALTER TABLE ONLY public.planet
    ADD CONSTRAINT planet_pkey PRIMARY KEY (planet_id);


--
-- Name: satellite satellite_name_key; Type: CONSTRAINT; Schema: public; Owner: freecodecamp
--

ALTER TABLE ONLY public.satellite
    ADD CONSTRAINT satellite_name_key UNIQUE (name);


--
-- Name: satellite satellite_pkey; Type: CONSTRAINT; Schema: public; Owner: freecodecamp
--

ALTER TABLE ONLY public.satellite
    ADD CONSTRAINT satellite_pkey PRIMARY KEY (satellite_id);


--
-- Name: star star_name_key; Type: CONSTRAINT; Schema: public; Owner: freecodecamp
--

ALTER TABLE ONLY public.star
    ADD CONSTRAINT star_name_key UNIQUE (name);


--
-- Name: star star_pkey; Type: CONSTRAINT; Schema: public; Owner: freecodecamp
--

ALTER TABLE ONLY public.star
    ADD CONSTRAINT star_pkey PRIMARY KEY (star_id);


--
-- Name: moon moon_planet_id_fkey; Type: FK CONSTRAINT; Schema: public; Owner: freecodecamp
--

ALTER TABLE ONLY public.moon
    ADD CONSTRAINT moon_planet_id_fkey FOREIGN KEY (planet_id) REFERENCES public.planet(planet_id);


--
-- Name: planet planet_star_id_fkey; Type: FK CONSTRAINT; Schema: public; Owner: freecodecamp
--

ALTER TABLE ONLY public.planet
    ADD CONSTRAINT planet_star_id_fkey FOREIGN KEY (star_id) REFERENCES public.star(star_id);


--
-- Name: star star_galaxy_id_fkey; Type: FK CONSTRAINT; Schema: public; Owner: freecodecamp
--

ALTER TABLE ONLY public.star
    ADD CONSTRAINT star_galaxy_id_fkey FOREIGN KEY (galaxy_id) REFERENCES public.galaxy(galaxy_id);


--
-- PostgreSQL database dump complete
--
